Number,name,last_name,address1,city,state,zipcode,country,email,username,phone,jobs
1,Mike,Higginbotham,3713 Archwood Avenue,Newcastle,WY,82701,US,MikeTHigginbotham@dayrep.com,Witing,307-746-0212,Typesetting machine tender
2,Kathy,Cathcart,2397 Simons Hollow Road,Binghamton,PA,13901,US,KathyRCathcart@cuvox.de,Earbaccupose1950,570-731-7491,Forester
3,Gloria,Venuti,4546 Midway Road,Elkins,AR,72727,US,GloriaJVenuti@gustr.com,Firents,479-643-8207,Sports book runner
4,Keith,Rodgers,550 Chandler Drive,Springfield,MO,65806,US,KeithARodgers@cuvox.de,Theim1943,417-567-9784,Dental surgery doctor
5,Velma,Tarbell,2686 Rardin Drive,San Francisco,CA,94104,US,VelmaCTarbell@cuvox.de,Goake1977,650-645-3357,Radiographer
6,Juan,Dagostino,1558 Todds Lane,San Antonio,TX,78217,US,JuanJDagostino@teleworm.us,Liciriand,210-454-5201,Material dispatching
7,Veronica,Halloway,3827 Copperhead Road,Windsor,CT,6095,US,VeronicaCHalloway@gustr.com,Necomanis,860-687-4041,Coin vending and amusement machine servicer
8,Rufus,Brown,965 Wescam Court,Reno,NV,89501,US,RufusSBrown@superrito.com,Frouleem,775-942-7324,DTP operator
9,Norma,Rosado,3526 Diane Street,Thousand Oaks,CA,91362,US,NormaDRosado@cuvox.de,Iriseeted,805-370-9062,Pamphlet binding worker
10,Martha,Hulbert,4792 Hickory Ridge Drive,Las Vegas,NV,89109,US,MarthaMHulbert@superrito.com,Appermak,702-735-9610,Log marker
11,Michael,Lanclos,1453 Villa Drive,South Bend,IN,46601,US,MichaelVLanclos@cuvox.de,Flaccal,574-310-6670,Sketch artist
12,Christine,Peery,2171 Wilkinson Street,Nashville,TN,37201,US,ChristineRPeery@teleworm.us,Lizin1951,615-465-7983,Adult secondary education teacher
13,Geoffrey,Mello,4787 Cambridge Place,Cockeysville,MD,21030,US,GeoffreyKMello@gustr.com,Formlee,410-584-0611,Administrative specialist
14,Cody,Goble,3497 Nash Street,Southfield,MI,48076,US,CodyMGoble@gustr.com,Heally1977,313-249-1344,Flight engineer
15,Susan,Prather,3274 Cardinal Lane,Mattoon,IL,61938,US,SusanDPrather@gustr.com,Lestathe,217-276-7205,Bicycle repairer
16,Robert,Roberts,4804 Crim Lane,West Milton,OH,45383,US,RobertVRoberts@teleworm.us,Sulad1971,937-698-4977,Range ecologist
17,Edward,Lucas,3566 Flynn Street,Garfield Heights,OH,44125,US,EdwardJLucas@superrito.com,Hiniisteron,440-935-7128,Aeronautical engineer
18,Carolyn,Howell,2529 Pike Street,San Diego,CA,92111,US,CarolynRHowell@armyspy.com,Prithe,858-467-6574,Encoding clerk
19,Cynthia,Schirmer,761 Meadow View Drive,Hartford,CT,6103,US,CynthiaESchirmer@teleworm.us,Creatil,860-545-9228,Real property assessor
20,Timothy,Short,4759 Moonlight Drive,Camden,NJ,8102,US,TimothyBShort@dayrep.com,Couble,609-647-8408,Woodworking machine operator
21,Donna,Martinez,1877 Dog Hill Lane,Lenora,KS,67645,US,DonnaWMartinez@superrito.com,Novence,785-678-8199,Wastewater treatment plant and system operator
22,James,Seymour,1494 Cottrill Lane,Maryland Heights,MO,63043,US,JamesJSeymour@gustr.com,Sicinsions,314-479-8990,Analytical chemist
23,Beverly,Maple,1852 Woodhill Avenue,Annapolis,MD,21401,US,BeverlyWMaple@teleworm.us,Aboy1950,410-841-8074,Real estate broker
24,Edgar,McCollum,1331 South Street,Midland,TX,79701,US,EdgarNMcCollum@gustr.com,Hase1937,432-603-9025,Pumping station operator
25,Ingrid,Gomez,4653 Joyce Street,Foley,AL,36535,US,IngridWGomez@einrot.com,Tobjew1994,251-747-5219,Amusement machine servicer
26,William,Waldrop,603 B Street,Minneapolis,MN,55401,US,WilliamSWaldrop@dayrep.com,Theausted,651-691-8197,Personnel manager
27,Jonathan,Shook,4905 McDonald Avenue,Orlando,FL,32803,US,JonathanIShook@cuvox.de,Morgivy,407-898-0254,Ticket seller
28,Patricia,Boos,2462 Anmoore Road,Brooklyn,NY,11213,US,PatriciaJBoos@teleworm.us,Widere,718-771-8413,Computer hardware engineer
29,Ronald,Lopez,3166 New Street,Eugene,OR,97401,US,RonaldSLopez@cuvox.de,Anattefle1970,541-344-3866,Cartographer
30,Andrew,Howard,2306 Saint Francis Way,Darien,WI,53114,US,AndrewSHoward@cuvox.de,Therevized,262-882-6703,Image designer
31,Monica,Ford,739 Glenwood Avenue,Cleveland,OH,44113,US,MonicaCFord@teleworm.us,Timsell,216-275-8596,Aircraft surfaces assembler
32,Ethel,Johnson,2916 Smith Road,Mcdonough,GA,30253,US,EthelRJohnson@gustr.com,Dayssiders,770-954-9818,Occupational analyst
33,William,Arrieta,4089 Cantebury Drive,New York,NY,10013,US,WilliamDArrieta@dayrep.com,Appidint,646-662-9351,Construction manager
34,James,Clay,78 Fidler Drive,San Antonio,TX,78240,US,JamesCClay@superrito.com,Exat1932,210-690-2761,Aircraft electrician
35,Jeanette,Borrelli,1052 River Road,Colorado Springs,CO,80918,US,JeanetteJBorrelli@armyspy.com,Baged1928,719-531-6678,Administrative worker supervisor
36,Joyce,Johnson,1481 Bingamon Road,Cleveland,OH,44115,US,JoyceVJohnson@gustr.com,Thishat,440-492-3450,Field sales supervisor
37,Donna,Mathews,4119 Norma Lane,Shreveport,LA,71101,US,DonnaCMathews@cuvox.de,Heddleggliha64,318-613-6485,Nail care technician
38,Dorothy,Campbell,3451 Illinois Avenue,Yamhill,OR,97148,US,DorothySCampbell@dayrep.com,Youcent69,503-662-0474,Stereotyper
39,Robyn,Everett,2938 Pearl Street,Rancho Cordova,CA,95742,US,RobynREverett@einrot.com,Barrispinks,916-302-5073,Paymaster
40,Dana,Clements,3922 Rocky Road,Philadelphia,PA,19108,US,DanaPClements@cuvox.de,Anniguiturve1986,215-622-9344,Gas compressor operator
41,Vilma,Cooper,3251 Findley Avenue,Mayville,ND,58257,US,VilmaWCooper@gustr.com,Morte1955,701-786-5635,Reservation and transportation ticket agent
42,Joyce,Vang,4825 Daffodil Lane,Herndon,VA,20170,US,JoyceLVang@cuvox.de,Histalle,703-437-4100,Personnel officer
43,Ty,Wardlaw,2933 Hazelwood Avenue,Algona,IA,50511,US,TyCWardlaw@cuvox.de,Thervey,515-295-9303,Insurance manager
44,Jerry,Rose,4140 Amethyst Drive,Prattville,MI,49273,US,JerryMRose@einrot.com,Mincen1933,517-383-0495,Custom inspector
45,Rosemary,Johnson,290 Kincheloe Road,Portland,OR,97218,US,RosemarySJohnson@teleworm.us,Rainkinste,503-467-8667,Hotel detective
46,Vicente,Cordero,3084 Dye Street,Phoenix,AZ,85048,US,VicenteSCordero@teleworm.us,Septan,480-704-5900,Chemist
47,Clara,Guerrero,2628 White Avenue,Corpus Christi,TX,78476,US,ClaraJGuerrero@cuvox.de,Glanking64,361-779-5661,Office administrator
48,Victor,Solis,3157 Angus Road,New York,NY,10003,US,VictorGSolis@superrito.com,Shervat,212-387-2767,Engineering and natural sciences manager
49,Walter,Chadwick,4889 Queens Lane,Drakes Branch,VA,23937,US,WalterSChadwick@armyspy.com,Theiren,434-568-7537,Manicurist
50,Christopher,Santiago,2111 Masonic Hill Road,Hot Springs,AR,71901,US,ChristopherKSantiago@superrito.com,Hety1965,501-520-8310,Political scientist
51,Rita,Young,2533 Stoneybrook Road,Lake Mary,FL,32746,US,RitaRYoung@superrito.com,Wiffistandes86,321-501-8177,Rigging slinger
52,Bonny,Martinez,3481 Oakwood Avenue,New York,NY,10003,US,BonnyLMartinez@einrot.com,Arture37,212-673-4467,Expediting clerk
53,Alice,Vasquez,3088 Cardinal Lane,Mattoon,IL,61938,US,AliceTVasquez@armyspy.com,Frob1933,217-266-0173,Human resources recruiter
54,Patricia,Walters,2898 Hog Camp Road,Oak Lawn,IL,60453,US,PatriciaTWalters@teleworm.us,Croccis,708-425-6069,Personnel recruiter
55,Brandon,Crutcher,2134 Chapmans Lane,Toadlena,NM,87324,US,BrandonTCrutcher@gustr.com,Eyern1978,505-789-5997,Lift truck operator
56,Allen,Sutton,3246 Green Street,Nashville,TN,37210,US,AllenDSutton@einrot.com,Withents,615-560-0735,Cutting punching and press machine tender
57,Charlotte,Hill,3943 Broaddus Avenue,Bowling Green,KY,42101,US,CharlotteWHill@teleworm.us,Whistry91,270-215-3704,Front-end mechanic
58,Carl,Allen,1 Rosemont Avenue,Orlando,FL,32801,US,CarlSAllen@gustr.com,Qual1968,321-747-1351,Lease buyer
59,Joseph,Wade,3770 Frosty Lane,Corning,NY,14830,US,JosephZWade@einrot.com,Petiany,607-542-7066,Quality control technician
60,Carol,Barker,3485 Berry Street,Hugo,CO,80821,US,CarolGBarker@dayrep.com,Jook1993,719-763-6493,Decontamination technician
61,Edna,Decosta,1593 Carolyns Circle,Dallas,TX,75247,US,EdnaRDecosta@gustr.com,Buthes,214-689-2577,Museum director
62,John,Hinojosa,4854 Godfrey Road,New York,NY,10018,US,JohnBHinojosa@superrito.com,Lumbeavy1987,212-560-7185,Tumor registrar
63,Mary,Wilson,604 Pearlman Avenue,South Boston,MA,2127,US,MaryEWilson@superrito.com,Prooken,978-267-7331,Poet
64,Kenneth,Tubbs,4632 Church Street,Brooklyn,NY,11238,US,KennethATubbs@dayrep.com,Triend,718-399-8084,Color printer operator
65,Denny,Rich,557 Cottrill Lane,Stlouis,MO,63101,US,DennyMRich@dayrep.com,Stintion1979,314-510-8046,Merchandise distributor
66,Sherri,Sherwood,4055 Terra Cotta Street,Duluth,MN,55802,US,SherriGSherwood@superrito.com,Extouralke,218-623-4202,Staffing and assignments coordinator
67,Leroy,Wells,282 Poco Mas Drive,Arlington,TX,76011,US,LeroyDWells@einrot.com,Houree,214-557-2756,Human resources supervisor
68,James,Morrow,4557 Harley Vincent Drive,Cleveland,OH,44114,US,JamesKMorrow@superrito.com,Prepition,440-744-2387,Natural sciences manager
69,Margaret,Sickler,3732 Goldcliff Circle,Lanham,DC,20706,US,MargaretMSickler@cuvox.de,Dickent,202-248-3406,Security and fire alarm systems installer
70,Nathan,Philip,2448 Capitol Avenue,Carthage,IN,46115,US,NathanKPhilip@armyspy.com,Thavite1971,765-565-1695,Promotions specialist
71,Mike,Clements,1723 Kooter Lane,Charlotte,NC,28202,US,MikeSClements@armyspy.com,Feseracke,704-439-6750,Surgical technologist
72,Elmer,Donovan,4008 Nancy Street,Fuquay Varina,NC,27526,US,ElmerHDonovan@einrot.com,Fices1951,919-577-4340,Refractory mason
73,Colin,Davis,3398 Clay Street,Indianapolis,IN,46254,US,ColinCDavis@cuvox.de,Gund1985,317-409-3720,Employment and placement manager
74,Robert,Witcher,2293 Ocala Street,Kenansville,FL,34739,US,RobertNWitcher@teleworm.us,Animad,407-436-0379,Agricultural product sorter
75,Roger,Johnson,3199 Clay Street,Franklin,IN,46131,US,RogerGJohnson@teleworm.us,Mageor83,317-346-1436,Ophthalmologic sonographer
76,Sarah,Coffield,2023 Candlelight Drive,Houston,TX,77063,US,SarahDCoffield@armyspy.com,Wornibrink,281-386-1081,Freight stock and material mover
77,Deborah,McDonald,4220 Young Road,Boise,ID,83702,US,DeborahGMcDonald@gustr.com,Beetch59,208-401-2454,Urban and transportation geographer
78,Beth,Morgan,4041 Fairway Drive,San Jose,CA,95113,US,BethJMorgan@superrito.com,Thowite,707-512-2791,Contract skidder
79,Richard,Hammond,2601 County Line Road,New Port Richey,FL,34652,US,RichardJHammond@cuvox.de,Haddry,727-845-4412,Adjudicator
80,Peggy,Juarez,3517 Clarksburg Park Road,Yuma,AZ,85365,US,PeggyJJuarez@einrot.com,Amento,928-317-9996,Clinical manager
81,Roxanne,Bouton,2755 Sunny Day Drive,Riverside,CA,92501,US,RoxanneABouton@superrito.com,Tily1942,714-789-9127,Food scientist
82,David,Holt,368 Shady Pines Drive,Elizabethtown,KY,42701,US,DavidMHolt@gustr.com,Wiltoped,270-995-8775,Paper goods operator
83,Lori,Bolin,1669 Graystone Lakes,Macon,GA,31210,US,LoriABolin@teleworm.us,Unat1967,478-477-8215,Paymaster
84,Frank,Etchison,3058 Spruce Drive,Crafton,PA,15205,US,FrankEEtchison@einrot.com,Bronge,724-920-0548,Executive chef
85,James,Randle,1829 Jarvis Street,Buffalo,NY,14202,US,JamesDRandle@cuvox.de,Lontoll1956,716-842-3849,Synoptic meteorologist
86,Ashley,Washington,2886 Waterview Lane,Tucumcari,NM,88401,US,AshleyGWashington@einrot.com,Tingthines,505-461-5043,Semiconductor processing technician
87,James,Pino,2925 Tavern Place,Lakewood,CO,80227,US,JamesAPino@cuvox.de,Piry1935,303-989-2316,Fish trimmer
88,Deborah,Folse,1827 Feathers Hooves Drive,Smithtown,NY,11787,US,DeborahKFolse@teleworm.us,Moser1990,631-724-2074,Bellhop
89,Laurie,Powell,3297 Orphan Road,Eau Claire,WI,54701,US,LaurieJPowell@cuvox.de,Beemed,715-861-6173,Electronic newsgathering operator
90,Robert,Musgrave,780 Poe Road,Myrtle Beach,SC,29579,US,RobertRMusgrave@armyspy.com,Themonsinned29,843-236-1482,Medical doctor
91,Margie,Warren,2494 Ashmor Drive,Duluth,MN,55802,US,MargieFWarren@einrot.com,Jobill,218-293-8355,Biometrician
92,Samuel,Peterson,1820 Thorn Street,Torrington,WY,82240,US,SamuelAPeterson@gustr.com,Foris1971,307-534-0241,Cooling and freezing equipment tender
93,Nancy,Duncan,153 Sweetwood Drive,Denver,CO,80220,US,NancyGDuncan@gustr.com,Submis43,303-398-6866,Personnel administrator
94,Galen,Burmeister,1624 Alexander Drive,Ponder,TX,76259,US,GalenKBurmeister@einrot.com,Theyer1960,940-479-4247,Aircraft flight engineer
95,Fredrick,Smith,3081 Mulberry Lane,West Palm Beach,FL,33401,US,FredrickMSmith@armyspy.com,Eize1993,561-802-9546,Immunology technologist
96,Rosa,Walker,4065 Alexander Drive,Wichita Falls,TX,76301,US,RosaDWalker@dayrep.com,Acurnhooks,940-366-5303,Winch operator
97,Arthur,Cooke,4942 Bel Meadow Drive,Los Angeles,CA,90017,US,ArthurMCooke@armyspy.com,Desper,909-407-0139,Systems architect
98,Peggy,Peterson,1827 Pleasant Hill Road,Long Beach,CA,90813,US,PeggyJPeterson@armyspy.com,Frookonsi,562-218-1242,EMT
99,Michael,Lum,4531 Cody Ridge Road,Englewood,OK,67840,US,MichaelKLum@gustr.com,Witswoompose,580-533-8763,Electronics repairer
100,Janet,Hilyard,770 Bloomfield Way,Liberty,ME,4949,US,JanetGHilyard@dayrep.com,Mundint,207-589-6244,Dental laboratory technician
101,Stanley,Arnwine,2441 Deer Ridge Drive,Livingston,NJ,7039,US,StanleyEArnwine@cuvox.de,Ilies1933,973-597-6879,Secretary
102,Lynn,Watters,283 Breezewood Court,Chanute,KS,66720,US,LynnMWatters@cuvox.de,Comening81,620-431-5958,Local truck driver
103,Michael,Connell,541 Oliverio Drive,Kingman,KS,67068,US,MichaelSConnell@superrito.com,Sinse1993,620-532-4645,Coast Guard
104,Dante,Cureton,3606 Dark Hollow Road,Camden,NJ,8102,US,DanteGCureton@einrot.com,Carecter,609-245-6266,Private household cook
105,Mary,Scalf,2215 Philli Lane,Boynton,OK,74422,US,MaryDScalf@einrot.com,Mycom1992,918-472-0325,Job placement specialist
106,Elizabeth,Ohara,48 Woodside Circle,Marianna,FL,32446,US,ElizabethCOhara@gustr.com,Pursee,850-718-7597,Defense attorney
107,Connie,Abram,1962 C Street,Northboro,MA,1532,US,ConnieDAbram@armyspy.com,Logetch,508-393-8158,Intructional coordinator
108,Nicole,Maldonado,1975 Lowes Alley,Newark,OH,43055,US,NicoleMMaldonado@dayrep.com,Aunity,740-281-5004,Social work policy maker
109,William,Coleman,1793 Oak Ridge Drive,Flat River,MO,63601,US,WilliamDColeman@dayrep.com,Hosturnelf,573-518-5517,Card punching machine operator
110,Jennifer,Wilkey,600 B Street,West St Paul,MN,55118,US,JenniferPWilkey@superrito.com,Coveregs,651-453-1136,Oral radiologist
111,Melissa,McCallum,1877 Overlook Drive,Hartford City,IN,47348,US,MelissaJMcCallum@teleworm.us,Letris,765-331-3348,Aquaculture farmer
112,Ronald,Perry,3646 Woodland Avenue,Metairie,LA,70007,US,RonaldEPerry@armyspy.com,Hansorneve,985-685-9105,Aquaculture farmer
113,Charles,Joyner,4198 Elk City Road,Shreveport,LA,71101,US,CharlesMJoyner@dayrep.com,Keire1989,318-202-8038,Street vendor
114,John,Douglas,385 Florence Street,Emory,TX,75440,US,JohnMDouglas@superrito.com,Thamot1963,903-474-8129,Veterinarian
115,Paul,Geiger,4309 Raoul Wallenberg Place,New Haven,CT,6510,US,PaulRGeiger@dayrep.com,Cirt1978,203-812-8868,Administrative professional
116,Mary,Egan,1220 Rivendell Drive,Akron,OH,44313,US,MaryLEgan@dayrep.com,Trat1979,330-873-8206,Ground controller
117,Eva,Flynn,962 Milford Street,Campton,NH,3223,US,EvaRFlynn@einrot.com,Sulty1994,603-726-2799,Poultry farmer
118,Debra,Morin,1260 Philli Lane,Miami,OK,74354,US,DebraJMorin@einrot.com,Upoings,918-544-8084,Florist
119,Rebecca,Flores,924 Rosewood Lane,New York,NY,10004,US,RebeccaJFlores@superrito.com,Eiried,212-934-0436,Continuous mining machine operator
120,Randy,Rogers,1011 Upton Avenue,Freeport,ME,4032,US,RandyLRogers@cuvox.de,Dayssiders1961,207-869-3156,Water transportation mate
121,Adam,Sweet,1616 Fannie Street,Freeport,TX,77541,US,AdamSSweet@dayrep.com,Bitterephe1931,979-237-6093,Administrative assistant
122,Mae,Foster,1680 Fairfax Drive,Montclair,NJ,7042,US,MaeDFoster@gustr.com,Twored,908-921-0956,Older worker specialist
123,Lula,Couch,4266 Brown Bear Drive,Los Angeles,CA,90017,US,LulaRCouch@cuvox.de,Rabanowere1979,951-552-8290,Front desk clerk
124,Larry,Yates,1455 Moore Avenue,Alvarado,TX,76009,US,LarryKYates@cuvox.de,Vatimphady,817-783-8872,Harbor pilot
125,James,Ayoub,886 Garrett Street,Philadelphia,PA,19108,US,JamesTAyoub@einrot.com,Drife1939,267-961-0123,Agent-contract clerk
126,Richard,Blackwell,2871 Grand Avenue,Orlando,FL,32810,US,RichardABlackwell@teleworm.us,Wherelf1967,407-687-5043,Market research analyst
127,Marjorie,Lippincott,2882 White Lane,Macon,GA,31201,US,MarjorieSLippincott@armyspy.com,Doccap,478-799-3027,Meat packer
128,Renee,Lewis,1750 Eden Drive,Irvine,CA,92714,US,ReneeSLewis@dayrep.com,Camerefte,805-209-3330,Prepress technician
129,Charles,Murray,3937 Lincoln Drive,Harrisburg,PA,17101,US,CharlesRMurray@cuvox.de,Allaur48,717-587-1285,Cardiographer
130,Wesley,Cox,907 Strother Street,Birmingham,AL,35222,US,WesleyCCox@dayrep.com,Jakess,205-613-3907,Realtor
131,Brad,Brown,3604 Neuport Lane,Alpharetta,GA,30201,US,BradABrown@superrito.com,Oviziest,770-346-8996,Radiation protection technician
132,Vernon,Serrano,2579 Armory Road,Fayetteville,NC,28301,US,VernonJSerrano@teleworm.us,Tring1993,910-797-2715,Law librarian
133,Michael,Leighton,2049 Joy Lane,City Of Commerce,CA,90040,US,MichaelELeighton@cuvox.de,Bece1944,818-585-4546,Laborer
134,Gregory,Frank,1064 Oakmound Drive,Chicago,IL,60603,US,GregoryRFrank@cuvox.de,Domelies,773-345-4160,Lathe and turning machine tool tender
135,Lester,Phelps,3509 Stroop Hill Road,Atlanta,GA,30303,US,LesterJPhelps@dayrep.com,Flusuch,404-796-3019,Information technology trainer
136,Darci,Watson,1118 Crummit Lane,Nelson,NE,68961,US,DarciBWatson@teleworm.us,Addeat,402-225-1389,Surgeons
137,Michael,Baker,848 Bird Spring Lane,Houston,TX,77002,US,MichaelABaker@cuvox.de,Bleave1965,281-553-6860,Sales clerk
138,Lachelle,Wyckoff,1376 Kinney Street,Hampden,MA,1036,US,LachelleGWyckoff@teleworm.us,Whown1929,413-566-1311,Lathe and turning machine tool tender
139,Randy,Ely,55 Grove Avenue,Lawton,OK,73501,US,RandyREly@dayrep.com,Smove1928,580-351-6185,Social science research assistant
140,Valarie,Williams,1867 Christie Way,Ashburnham,MA,1430,US,ValarieLWilliams@gustr.com,Thoofte,978-827-8083,Interior decorator
141,Bob,Christian,3441 Chapmans Lane,Albuquerque,NM,87109,US,BobDChristian@gustr.com,Wasterip,505-856-6726,Nursery worker
142,Doris,Williams,3411 Hill Street,Toledo,OH,43615,US,DorisEWilliams@teleworm.us,Thadvithey1962,419-821-1854,Physical metallurgical engineer
143,Tyrone,Cho,4969 Thompson Drive,San Francisco,CA,94107,US,TyroneKCho@einrot.com,Scatinstund,510-473-7392,Environmental chemist
144,Henry,Combs,4821 Lyon Avenue,Sagamore,MA,2561,US,HenryJCombs@gustr.com,Hembill1929,508-888-5646,Employment service specialist
145,Leon,Ross,2412 Bell Street,New York,NY,10036,US,LeonARoss@armyspy.com,Faloseention,212-221-6450,Gas pumping station operator
146,Mark,Pimentel,3528 Red Bud Lane,Teterboro,NJ,7608,US,MarkLPimentel@gustr.com,Lighad48,862-377-2292,Personnel analyst
147,Donna,Walters,2396 Bond Street,Providence,RI,2905,US,DonnaAWalters@teleworm.us,Wherfuld,401-751-7532,Convention planner
148,Irma,Niemi,445 Pretty View Lane,Concord,CA,94520,US,IrmaVNiemi@cuvox.de,Manowild,707-843-8541,Stenocaptioner
149,Kathryn,Holmes,3766 Caynor Circle,Cranford,NJ,7016,US,KathrynFHolmes@teleworm.us,Derestle,908-497-6254,Business administrator
150,Rodolfo,Abshire,4801 Brown Street,Concord,CA,94520,US,RodolfoMAbshire@cuvox.de,Abouldis,925-980-0313,Mobile heavy equipment service technician
151,Amy,Railey,4560 Washburn Street,Baton Rouge,LA,70805,US,AmyRRailey@superrito.com,Moomple,225-359-8929,Weathercaster
152,Betty,Klimas,4496 Saints Alley,Tampa,FL,33624,US,BettyHKlimas@cuvox.de,Ancen1963,813-504-4050,Keypunch technician
153,Miguel,Rice,4374 Matthews Street,Bloomington,IL,61701,US,MiguelHRice@superrito.com,Thice1975,815-612-2386,Shipping clerk
154,Bobby,Johnson,3564 Dale Avenue,Tacoma,WA,98423,US,BobbyCJohnson@gustr.com,Kianies,253-874-1431,Dining room and cafeteria attendant
155,William,Mayberry,1041 Sycamore Street,Santa Clara,CA,95054,US,WilliamMMayberry@gustr.com,Toger1940,408-970-9994,Safety technician
156,Alvin,Kennedy,54 Red Hawk Road,Saint Cloud,MN,56303,US,AlvinRKennedy@superrito.com,Thame1953,320-870-2735,Labor trainer
157,Dominick,Bergman,2482 Colony Street,Danbury,CT,6810,US,DominickRBergman@gustr.com,Aguacce,203-313-5475,Payroll representative
158,Irene,Eaton,1830 Windy Ridge Road,Resevoir,IN,46750,US,IreneBEaton@dayrep.com,Hishousy,260-468-9927,Mail superintendent
159,Kim,Shaver,304 Asylum Avenue,Derby,CT,6418,US,KimBShaver@dayrep.com,Accen1972,203-736-2519,Defense attorney
160,Robert,Flowers,2305 Jett Lane,San Pedro,CA,90731,US,RobertSFlowers@einrot.com,Arresplet,310-732-8356,Medical records and health information technician
161,William,Dipasquale,1979 Mulberry Avenue,Mount Pleasant,AR,72561,US,WilliamADipasquale@gustr.com,Beind1980,501-346-8577,Applied mathematician
162,Barbara,Palmer,2303 Better Street,Overland Park,KS,66210,US,BarbaraHPalmer@gustr.com,Alleme,913-344-7908,Agricultural laborer
163,Louise,Agustin,4336 Luke Lane,Tulsa,OK,74120,US,LouiseSAgustin@cuvox.de,Sonk1948,580-305-4306,Aerobics instructor
164,Allen,Smith,177 Devils Hill Road,Hattiesburg,MS,39402,US,AllenCSmith@armyspy.com,Andesell,601-791-9955,Health education specialist
165,Rosa,Beach,2335 Reynolds Alley,Paramount,CA,90723,US,RosaABeach@armyspy.com,Hicied,562-259-5976,Infusion nurse
166,Pamela,Kelley,4665 Pine Street,Marchand,PA,15758,US,PamelaSKelley@dayrep.com,Morningard1967,724-286-4553,Machinery maintenance mechanic
167,Ronald,Partida,1699 Harron Drive,Annapolis,MD,21401,US,RonaldAPartida@einrot.com,Poplits,443-482-8247,Press operator
168,Albertha,Jones,1105 Essex Court,Franklin,VT,5457,US,AlberthaEJones@cuvox.de,Anderem,802-285-3023,Printmaker
169,David,Owen,4266 Quilly Lane,Columbus,OH,43215,US,DavidTOwen@teleworm.us,Thadmithe67,614-557-6233,Animator
170,Afton,Dyke,3757 Railroad Street,Jacksonville,FL,32246,US,AftonEDyke@einrot.com,Obabounceept,904-905-9361,Housing manager
171,Brian,Ashley,884 Frederick Street,El Paso,TX,79938,US,BrianPAshley@teleworm.us,Cocruch,915-856-6832,Systems architect
172,Marjorie,Holcomb,3542 Rosebud Avenue,Pine Bluff,AR,71602,US,MarjorieJHolcomb@teleworm.us,Tictak,870-441-6071,Barber
173,James,Brinkman,1829 Stonecoal Road,Toledo,OH,43604,US,JamesDBrinkman@armyspy.com,Honew1960,419-576-2029,Painting coating and decorating worker
174,Robert,Ritchie,2547 Beechwood Avenue,Weehawken,NJ,7087,US,RobertDRitchie@armyspy.com,Solivocks,908-818-9367,Small engine mechanic
175,Daniel,Wallen,643 Alfred Drive,Bellerose,NY,11426,US,DanielSWallen@cuvox.de,Thatepat1980,718-200-8359,Computer systems analyst
176,Sherri,Leonard,4158 Camel Back Road,Tulsa,OK,74120,US,SherriJLeonard@einrot.com,Wassurs,918-588-0730,Court officer
177,Arlene,Ross,1507 Rogers Street,Cincinnati,OH,45214,US,ArleneBRoss@armyspy.com,Sornint,513-560-6018,Steamfitter
178,Cathryn,Gibbons,3064 Pick Street,Centennial,CO,80112,US,CathrynMGibbons@gustr.com,Evencline,970-575-7121,Loan processing clerk
179,Naomi,Thompson,4594 Parrish Avenue,Victoria,TX,77901,US,NaomiGThompson@gustr.com,Aniffeepull,830-877-5696,Mortgage loan officer
180,Zachary,Green,1980 Sycamore Fork Road,Minneapolis,MN,55402,US,ZacharyJGreen@dayrep.com,Lithend1979,952-960-3929,Packer
181,Chad,Beaudoin,3755 Shinn Avenue,Pittsburgh,PA,15212,US,ChadJBeaudoin@superrito.com,Beyound,724-515-5505,Furnace kiln oven drier and kettle tender
182,David,Greenlee,909 Kincheloe Road,Portland,OR,97205,US,DavidMGreenlee@cuvox.de,Chising37,503-550-7395,Taxicab dispatcher
183,Merissa,Williams,2395 Bartlett Avenue,Southfield,MI,48075,US,MerissaDWilliams@dayrep.com,Plith1986,248-575-8619,Costume designer
184,Dennis,Smith,4769 Kidd Avenue,Wrangell,AK,99929,US,DennisSSmith@einrot.com,Deston,907-874-2541,Public relations manager
185,Mary,Rodriguez,2210 Maxwell Farm Road,Staunton,VA,24401,US,MaryTRodriguez@dayrep.com,Flot1966,540-213-2582,Bodyguard
186,Heather,Rahn,229 Thrash Trail,Longview,TX,75601,US,HeatherTRahn@superrito.com,Whostell,903-631-8676,Diagnostic medical sonographer
187,Betty,Boyd,364 West Street,Grand Rapids,MI,49508,US,BettyEBoyd@superrito.com,Wasenct,616-582-6347,Amusement and recreation attendant
188,Peter,Cole,1870 Ralph Drive,Berea,OH,44017,US,PeterCCole@superrito.com,Robef1959,440-239-8150,Power distributor
189,Long,Leister,167 Gateway Avenue,Bakersfield,CA,93304,US,LongELeister@teleworm.us,Thaddy,661-834-7945,Bucker
190,Leone,Unger,2725 Stonepot Road,Wayne,NJ,7477,US,LeoneMUnger@armyspy.com,Wituractle1958,908-342-3005,Chemical equipment operator
191,Deborah,Barrett,179 Stadium Drive,Quincy,MA,2169,US,DeborahTBarrett@gustr.com,Froir1943,508-267-4134,Agricultural manager
192,Elizabeth,Berube,2340 Summit Park Avenue,Southfield,MI,48075,US,ElizabethCBerube@dayrep.com,Broged,248-928-2534,Veterinarian
193,Ronald,Tucker,3838 Oral Lake Road,Minneapolis,MN,55415,US,RonaldNTucker@gustr.com,Calry1986,952-487-2573,Hoist and winch operator
194,David,Garza,4191 Grove Street,Riverhead,NY,11901,US,DavidJGarza@dayrep.com,Seencesoney,631-852-5515,Meter reader
195,Joy,Davis,1727 Harper Street,Owensboro,KY,42301,US,JoyJDavis@gustr.com,Antionce,270-513-8778,Foreign language interpreter
196,Miguel,Bowne,1696 Bottom Lane,Buffalo,NY,14214,US,MiguelCBowne@einrot.com,Chither,716-832-7274,Member services counselor
197,Clara,May,2891 Despard Street,Atlanta,GA,30331,US,ClaraJMay@gustr.com,Boured,404-699-8004,Private accountant
198,Clarence,Vaughan,4264 Woodridge Lane,Memphis,TN,38104,US,ClarenceDVaughan@armyspy.com,Widere,901-276-3880,Office and administrative support worker supervisor
199,Donald,Silverman,1546 Steve Hunt Road,Miami,FL,33176,US,DonaldKSilverman@superrito.com,Nould1949,305-799-8379,Phlebotomist
200,William,Sanchez,460 Shobe Lane,Denver,CO,80202,US,WilliamRSanchez@einrot.com,Buttleace,970-480-4078,Dressmaker
201,Guadalupe,Burdette,43 Coleman Avenue,Encinitas,CA,92024,US,GuadalupeSBurdette@einrot.com,Bans1990,760-753-7609,Artificial inseminator
202,David,Boser,3057 Charla Lane,Dallas,TX,75287,US,DavidKBoser@teleworm.us,Kentemad57,972-733-9058,Metal-refining furnace operator
203,David,Green,29 North Bend River Road,Catlettsburg,KY,41129,US,DavidMGreen@superrito.com,Readdligning,606-739-2100,Curator
204,Glenna,Mazur,4727 Romines Mill Road,Dallas,TX,75247,US,GlennaJMazur@gustr.com,Beity1971,214-642-3590,Information officer
205,James,Dougherty,1942 Railroad Street,Jacksonville,FL,32246,US,JamesIDougherty@armyspy.com,Efortmosse1949,904-998-2431,Tax assessor
206,Robert,Ammons,4929 Rosewood Court,Mankato,MN,56001,US,RobertEAmmons@gustr.com,Yesseed89,507-345-4210,Otorhinolaryngology nurse
207,Angela,Cruse,1359 Middleville Road,Pasadena,CA,91107,US,AngelaTCruse@superrito.com,Drowed,626-351-4426,Decommissioning and decontamination (D&D) worker
208,Patricia,Lyon,2646 Harley Vincent Drive,Cleveland,OH,44115,US,PatriciaMLyon@superrito.com,Vishadep,440-715-3348,Traffic technician
209,Alan,Wells,1100 Maxwell Farm Road,Sacramento,CA,95814,US,AlanLWells@armyspy.com,Ratepand,530-995-6621,Craft artist
210,Brad,Rosser,357 Dovetail Drive,Hickory Hills,IL,60457,US,BradMRosser@superrito.com,Sockle,847-351-8208,Astronautical engineer
211,Barbara,Luster,1501 Crowfield Road,Phoenix,AZ,85023,US,BarbaraALuster@cuvox.de,Guaraction,602-942-9816,U.S. Deputy Marshal
212,Troy,Westervelt,4934 Norma Lane,Shreveport,LA,71101,US,TroyGWestervelt@gustr.com,Thapide,318-613-5231,Mine examiner
213,Mildred,Harris,1439 College Avenue,Dayton,OH,45402,US,MildredCHarris@cuvox.de,Boured1977,937-389-8089,Smoke jumper
214,Angela,Tharpe,4101 Duke Lane,Newark,NJ,7102,US,AngelaRTharpe@armyspy.com,Leir1965,732-720-1986,Erector
215,Ruth,Smith,3434 Matthews Street,Sterling,IL,61081,US,RuthSSmith@teleworm.us,Compled39,815-620-2800,Administrative law judge
216,Martin,Dixon,3203 Barnes Street,Geneva,FL,32732,US,MartinFDixon@teleworm.us,Surict30,407-349-2661,Apartment manager
217,James,Jackson,3830 Lyon Avenue,Burlington,MA,1803,US,JamesMJackson@gustr.com,Reand1973,508-873-7736,Safety technician
218,Kevin,Crawford,4036 Owen Lane,Traverse City,MI,49686,US,KevinBCrawford@cuvox.de,Depeonew,231-912-4311,Extruding and forming machine operator
219,Virginia,Connors,1845 Crowfield Road,Phoenix,AZ,85012,US,VirginiaJConnors@cuvox.de,Huriturnar,602-916-8929,Tour guide
220,Pedro,Kroll,2588 Tecumsah Lane,Shreveport,LA,71106,US,PedroSKroll@teleworm.us,Wiltow,318-861-2318,Music instructor
221,Samuel,Stokes,2282 Brooke Street,Houston,TX,77020,US,SamuelJStokes@gustr.com,Theremings,713-672-1431,School psychologist
222,Dominic,Cannella,142 Candlelight Drive,Houston,TX,77088,US,DominicKCannella@teleworm.us,Achough,281-464-2433,Electrologist
223,Paula,Weyand,4836 Boone Crockett Lane,Lacey,WA,98503,US,PaulaJWeyand@superrito.com,Bronds,360-455-8837,Choke setter
224,Karen,Matherne,2953 Eagle Lane,Clarissa,MN,56440,US,KarenEMatherne@superrito.com,Beirsinglat,218-756-8714,Webmaster
225,Earl,Woodward,663 Bruce Street,Saint Louis,MO,63120,US,EarlTWoodward@teleworm.us,Cater1982,314-382-0967,Plating and coating machine operator
226,Eric,Adams,1120 Sugarfoot Lane,Lafayette,IN,47904,US,EricCAdams@cuvox.de,Alives,765-446-5308,Insurance underwriter
227,Josephine,Rivera,3545 Indiana Avenue,Waipahu,HI,96797,US,JosephineARivera@gustr.com,Siltard,808-679-0287,Funeral director
228,Veronica,Barcia,870 Lowndes Hill Park Road,Bakersfield,CA,93301,US,VeronicaRBarcia@cuvox.de,Whimseeplis,661-543-1865,Limnologist
229,John,Rhoden,1414 Gandy Street,Saint Louis,MO,63101,US,JohnJRhoden@einrot.com,Chapted,314-982-3946,Textile knitting and weaving machine operator
230,Donald,Baird,17 Front Street,Westland,MI,48185,US,DonaldABaird@superrito.com,Thath1972,810-531-8995,Material distribution
231,Leigh,Bergeron,301 Kenwood Place,Fort Lauderdale,FL,33301,US,LeighCBergeron@cuvox.de,Shavithe,954-516-3338,Synoptic meteorologist
232,Joe,King,1678 Redbud Drive,Elmsford,NY,10523,US,JoeMKing@cuvox.de,Pulithey40,347-801-7822,Airport service agent
233,Mary,Daly,4625 North Bend River Road,Lexington,KY,40507,US,MaryMDaly@dayrep.com,Hingently,606-772-2652,Clinical laboratory technologist
234,Derek,Johnston,4107 Bassell Avenue,Little Rock,AR,72201,US,DerekJJohnston@einrot.com,Trablis,501-781-4188,Gaming machine repairer
235,Lucille,Evers,3388 Sussex Court,Clifton,TX,76634,US,LucilleJEvers@gustr.com,Farg1977,254-460-7662,Machine feeder
236,Adam,Kennell,4618 Murphy Court,Golden Valley,MN,55427,US,AdamTKennell@dayrep.com,Pregst,952-237-6590,Florist
237,Deborah,Munoz,2327 Nixon Avenue,Chattanooga,TN,37450,US,DeborahRMunoz@einrot.com,Inknot,423-243-5552,Insurance underwriter
238,Randall,Walters,4638 Locust Street,Albany,GA,31707,US,RandallIWalters@cuvox.de,Trespearese,229-860-0807,Power reactor operator
239,Frances,Lambert,4913 Hemlock Lane,Harlingen,TX,78550,US,FrancesELambert@teleworm.us,Sonce1970,956-444-6697,Optical mechanic
240,Jean,Dempsey,1860 Brown Bear Drive,Mira Loma,CA,91752,US,JeanRDempsey@gustr.com,Fatichaddent1976,951-712-7987,Marshal
241,Ronald,Gamble,4355 Fincham Road,Ontario,CA,91761,US,RonaldDGamble@superrito.com,Gurgend,760-486-1053,Optometrist
242,Joseph,Bennett,2966 Midway Road,Atkins,AR,72823,US,JosephRBennett@dayrep.com,Upichoughbor,479-641-5841,Human resources associate
243,Mike,Travis,394 Losh Lane,Pittsburgh,PA,15222,US,MikeHTravis@armyspy.com,Iming1991,412-719-3582,Steamfitter
244,Ella,McVey,4892 Brookside Drive,Carrollton,AL,35447,US,EllaFMcVey@einrot.com,Sammis,205-367-4969,Studio camera operator
245,Clifton,Young,2529 McDowell Street,Fayetteville,TN,37334,US,CliftonAYoung@cuvox.de,Whimigh,931-438-5247,Travel consultant
246,Ruth,Huntington,4122 Bloomfield Way,Franklin,ME,4634,US,RuthAHuntington@armyspy.com,Cansid,207-565-7599,Pulmonary function technologist
247,Louise,Monday,4765 Still Pastures Drive,Pocalla,SC,29150,US,LouiseSMonday@superrito.com,Indich,803-506-2050,Stevedore
248,Donald,Cox,3632 Pratt Avenue,Stanwood,WA,98292,US,DonaldCCox@teleworm.us,Prookint,360-939-7795,Photographic process worker
249,Michael,Tedder,1682 Reynolds Alley,Anaheim,CA,92801,US,MichaelRTedder@gustr.com,Thisted,562-274-5558,Physiologist
250,John,Brathwaite,2518 Wayback Lane,Hicksville,NY,11612,US,JohnCBrathwaite@armyspy.com,Ticiss,631-343-6414,Rolling machine operator
251,Catherine,Swain,3514 Horner Street,Cuyahoga Falls,OH,44221,US,CatherineASwain@superrito.com,Arde1932,330-906-8160,Qualified members of the engine department
252,Joel,Williams,1849 West Virginia Avenue,Colonie,NY,12205,US,JoelLWilliams@armyspy.com,Roce1947,518-880-9512,Water treatment plant and system operator
253,Latoya,Mallett,3458 Randall Drive,Moanalua,HI,96819,US,LatoyaJMallett@armyspy.com,Hambethinde1942,808-833-3298,Ambulance attendant
254,Christine,Ferris,2140 Woodland Avenue,Port Sulphur,LA,70083,US,ChristineCFerris@dayrep.com,Mance1985,985-564-8467,ENG operator
255,Sherry,Jewett,1391 Apple Lane,Peoria,IL,61615,US,SherryJJewett@cuvox.de,Ourighter65,309-253-8006,Grounds maintenance worker
256,James,Graham,2799 Nash Street,Detroit,MI,48205,US,JamesRGraham@armyspy.com,Worign,313-245-1457,Songwriter
257,Ethel,Petterson,366 Cheshire Road,Norwalk,CT,6854,US,EthelTPetterson@superrito.com,Wourethe,203-398-9691,Bellhop
258,Scott,Adams,2724 Camel Back Road,Tulsa,OK,74134,US,ScottMAdams@dayrep.com,Wharleas1994,918-562-3301,Market and survey researcher
259,William,McDonough,3712 Boring Lane,Oakland,CA,94612,US,WilliamKMcDonough@superrito.com,Sphlen,415-634-3843,Mortgage broker
260,Christopher,Stewart,1831 Green Gate Lane,Baltimore,MD,21201,US,ChristopherPStewart@armyspy.com,Eachich,443-732-9931,Chemical technician
261,Teri,Vasquez,2260 Diamond Street,Waynesville,NC,28786,US,TeriJVasquez@teleworm.us,Callather,828-452-9836,Drug Enforcement Administration (DEA) agent
262,Lisa,Broyles,3635 Shinn Avenue,Indiana,PA,15701,US,LisaKBroyles@armyspy.com,Teemen,724-549-0622,Private banker
263,Susan,Garcia,3802 Briarhill Lane,Akron,OH,44307,US,SusanAGarcia@armyspy.com,Cres1940,330-312-2928,Motel desk clerk
264,Eric,Boardman,3527 Rafe Lane,Jackson,MS,39211,US,EricRBoardman@einrot.com,Evet1981,662-684-9870,Promotions specialist
265,Diana,Stone,568 Heavner Court,Huntington,NY,11743,US,DianaJStone@dayrep.com,Hined1949,516-236-0133,Environmental engineering technician
266,James,Helms,3457 Bird Street,Las Cruces,NM,88005,US,JamesMHelms@armyspy.com,Hissionere,505-571-7921,Marshal
267,Franklin,Cook,2586 Oak Street,Syracuse,NY,13202,US,FranklinECook@dayrep.com,Acque1968,315-299-5027,Computer scientist
268,Catherine,Ibarra,4372 Poe Lane,Lawrence,KS,66044,US,CatherineJIbarra@gustr.com,Gony1942,913-400-8199,Landscape contractor
269,Marilyn,Hand,4225 Big Indian,New Orleans,LA,70112,US,MarilynAHand@superrito.com,Commed,504-568-1547,Foot specialist
270,Stanley,Lytle,425 Ocello Street,San Diego,CA,92111,US,StanleyCLytle@superrito.com,Arring,619-964-6461,Correspondent
271,Mark,Moore,4768 Carriage Lane,Chapman Lake,PA,18414,US,MarkCMoore@einrot.com,Suromile80,570-254-0290,Coast Guard
272,Andy,Beckner,1969 Tecumsah Lane,Cedar Rapids,IA,52401,US,AndyHBeckner@teleworm.us,Nacessed,319-229-0280,Geotechnical engineer
273,Darrell,Perez,1316 New York Avenue,Burbank,CA,91502,US,DarrellAPerez@dayrep.com,Strund,818-238-4140,Shaper
274,Lisa,Fleming,2877 Jewell Road,Minneapolis,MN,55402,US,LisaSFleming@cuvox.de,Fortalwyneho,612-692-0511,Human resources information system specialist
275,Shawn,Keller,826 Joanne Lane,Billerica,MA,1821,US,ShawnRKeller@einrot.com,Haddespeame1930,978-488-3213,Health care administrator
276,Leona,Torres,3770 Maple Street,Huntington Beach,CA,92648,US,LeonaDTorres@armyspy.com,Benjoysillon,714-374-1900,Packaging and filling machine tender
277,Wendell,Iverson,3123 Pinchelone Street,New Brunswick,VA,8901,US,WendellLIverson@dayrep.com,Fuldebou,757-309-0995,Garment presser
278,Robert,Williams,2909 Chapel Street,Houston,TX,77030,US,RobertSWilliams@cuvox.de,Semnince,281-652-6329,Merchant marine officer
279,Laurie,Cockburn,2843 River Road,Colorado Springs,CO,80911,US,LaurieFCockburn@teleworm.us,Ducke1958,719-393-4262,Public health social worker
280,Stephanie,Jordan,1340 Glen Falls Road,Philadelphia,PA,19104,US,StephanieJJordan@gustr.com,Tursed,215-880-2644,Music director
281,James,Linville,1418 Red Maple Drive,Alhambra,CA,91801,US,JamesLLinville@armyspy.com,Laithy,323-356-6895,Image designer
282,Rodney,Barker,4563 Brown Street,Show Low,AZ,85901,US,RodneyMBarker@einrot.com,Sheis1939,928-207-8074,Bartender helper
283,Lenore,Kendall,4934 Clair Street,Dallas,TX,75207,US,LenoreRKendall@gustr.com,Anduch,254-731-7259,Passenger booking clerk
284,Ronnie,Shields,4588 Concord Street,Matthews,NC,28105,US,RonnieTShields@teleworm.us,Wope1948,704-579-5424,Medical illustrator
285,Laurie,Engel,4030 Poe Road,Charleston,SC,29403,US,LaurieLEngel@teleworm.us,Shaus1975,843-200-8534,Electrophysiologist
286,Victor,Schwab,4353 Young Road,Priest River,ID,83822,US,VictorKSchwab@gustr.com,Moseing,208-448-7045,Computer technology trainer
287,Timothy,Richmond,1921 Harley Brook Lane,State College,PA,16803,US,TimothyRRichmond@gustr.com,Whisele,814-523-6532,Mixing and blending machine tender
288,Steve,Washington,648 Don Jackson Lane,Honolulu,HI,96826,US,SteveJWashington@gustr.com,Fation,808-952-1814,Food cooking machine tender
289,Robert,Elrod,511 Lady Bug Drive,Long Island City,NY,11101,US,RobertTElrod@dayrep.com,Usdeouster,718-947-3284,Two-stroke engine mechanic
290,Cynthia,Nix,3164 Hall Place,Rosewood,TX,75644,US,CynthiaRNix@teleworm.us,Ventlestaked,903-725-8835,Food processing occupation
291,Jessie,Oconner,2766 Westwood Avenue,Levittown,NY,11756,US,JessiePOconner@gustr.com,Bestinge,516-796-1465,Psychiatric aide
292,Francis,Washington,339 Cantebury Drive,New York,NY,10025,US,FrancisJWashington@dayrep.com,Lockonamind,646-698-1330,Loan service clerk
293,Jacquelin,Sitton,3410 Jennifer Lane,Mebane,NC,27302,US,JacquelinNSitton@superrito.com,Achis1987,919-534-9814,Referee
294,Annette,Dobbins,849 Allison Avenue,Chesapeake,VA,23324,US,AnnetteDDobbins@cuvox.de,Untook,757-545-0413,Revenue officer
295,Helen,Boothe,4551 Neville Street,Chandler,IN,47610,US,HelenJBoothe@armyspy.com,Unfor1940,812-639-9046,Oncology nurse
296,Charlie,Townsley,3752 Mahlon Street,Freehold,NJ,7728,US,CharlieCTownsley@cuvox.de,Fiect1952,732-992-6768,Automotive body and related repairer
297,Doris,Quackenbush,681 Fulton Street,Princeton,WV,24740,US,DorisHQuackenbush@cuvox.de,Beth1952,304-487-7134,Public defender
298,Ty,Frost,1905 Friendship Lane,Santa Clara,CA,95050,US,TyYFrost@dayrep.com,Drathe,408-554-3802,Applicator
299,Leonard,Kidney,4603 Perine Street,Mclean,VA,22101,US,LeonardAKidney@einrot.com,Sentre,703-762-6817,Reporter
300,Kenneth,Zimmerman,4911 Agriculture Lane,Miami,FL,33176,US,KennethLZimmerman@gustr.com,Gooft1992,305-205-3769,Automotive glass repairer
301,Marsha,Blankenship,4310 Mudlick Road,Tonasket,WA,98855,US,MarshaDBlankenship@teleworm.us,Mostion,509-486-0736,Osteopathic surgeon
302,Susan,Haddock,1602 Tail Ends Road,Green Bay,WI,54303,US,SusanAHaddock@superrito.com,Trece1984,920-591-1539,Quality assurance inspector
303,Trinidad,Brito,2241 Pringle Drive,Northbrook,IL,60062,US,TrinidadSBrito@teleworm.us,Smajeselyind1989,312-350-9282,Insurance sales agent
304,Ruth,Smith,4881 Tenmile Road,Reading,MA,1867,US,RuthJSmith@armyspy.com,Thiped66,781-764-0785,Property manager
305,Jason,Matthews,4183 Turkey Pen Road,New York,NY,10038,US,JasonCMatthews@einrot.com,Thumbell,917-258-1018,Paper goods machine setter
306,Ralph,Martinez,286 Benson Street,Eau Claire,WI,54701,US,RalphNMartinez@armyspy.com,Frearpok,715-215-6653,Elevator constructor
307,Krystal,Kemp,433 Vernon Street,La Mesa,CA,91941,US,KrystalDKemp@dayrep.com,Glearand,760-607-9779,Quality assurance inspector
308,Rachel,Ellis,4322 Ash Street,Dallas,TX,75240,US,RachelREllis@teleworm.us,Wiffluelly,972-829-9944,Yoga instructor
309,Hugh,Witt,2467 Bell Street,New York,NY,10018,US,HughCWitt@einrot.com,Shight,212-239-1409,Data processor
310,Charles,Robinson,1309 Black Stallion Road,Lexington,KY,40509,US,CharlesARobinson@dayrep.com,Pide1991,859-576-7376,Computer applications software engineer
311,Nelson,Jones,1227 Wilson Street,Havasu,CA,92363,US,NelsonEJones@gustr.com,Sorpathey,760-858-5589,School superintendent
312,Kim,Wooten,4696 Augusta Park,Sardis,WV,26301,US,KimWWooten@armyspy.com,Shimpay,304-783-8896,Judiciary interpreter
313,Stephen,Golden,793 Gorby Lane,Mccomb,MS,39648,US,StephenCGolden@cuvox.de,Anclourne,601-250-0579,Material dispatching
314,Minnie,Carlton,20 White Oak Drive,Osborn,MO,64474,US,MinnieRCarlton@superrito.com,Conown,816-675-3046,Computer forensic investigator
315,Beverly,Garris,356 Thunder Road,Palo Alto,CA,94301,US,BeverlyMGarris@armyspy.com,Flarme,650-473-5857,Data entry worker
316,Paul,McDowell,4092 Bicetown Road,New York,NY,10007,US,PaulEMcDowell@gustr.com,Hiliew,917-375-6666,Volcanologist
317,Donald,Bond,1019 Mandan Road,Farmington,MO,63640,US,DonaldNBond@teleworm.us,Plefted,573-760-9280,Meeting and convention planner
318,Jacob,Houston,3615 Davis Place,Toledo,OH,43604,US,JacobBHouston@teleworm.us,Unniburd,419-254-8387,Cutting punching and press machine operator
319,Corey,Frew,222 Simpson Street,Macomb,IL,61455,US,CoreyCFrew@cuvox.de,Spoll1978,309-836-3013,Urban planner
320,Thomas,Wilson,3754 Strother Street,Birmingham,AL,35222,US,ThomasKWilson@armyspy.com,Hictin,205-616-5192,Packer
321,Jay,Cameron,2605 Sugarfoot Lane,Kokomo,IN,46901,US,JayMCameron@teleworm.us,Bliter,765-419-2375,Zookeeper
322,Ryan,Meyers,1187 Timberbrook Lane,Fort Collins,CO,80525,US,RyanKMeyers@armyspy.com,Hoply1981,970-282-8377,Reporter
323,David,Dockery,4118 Massachusetts Avenue,Adelphi,DC,20783,US,DavidVDockery@teleworm.us,Begroway76,202-657-4359,Mobile heavy equipment service technician
324,Samuel,Gardner,2000 Heliport Loop,Bloomington,IN,47404,US,SamuelCGardner@armyspy.com,Thichers,812-741-0619,Aircraft electronic systems specialist
325,Angela,Moore,3244 Reeves Street,Stevens Point,WI,54481,US,AngelaTMoore@armyspy.com,Stine1992,920-818-3252,Outdoor power equipment mechanic
326,Hector,Dunn,1851 Camel Back Road,Tulsa,OK,74120,US,HectorGDunn@einrot.com,Stee1974,918-645-4455,Timber cutting and logging worker
327,Rita,Vance,1722 Bird Street,Las Cruces,NM,88005,US,RitaJVance@gustr.com,Morke1962,505-541-9524,Occupational therapist
328,Mary,Berglund,3145 Butternut Lane,Hoyleton,IL,62803,US,MaryCBerglund@teleworm.us,Wholed,618-493-3980,Landscaping worker
329,Amber,Michaelis,4304 Saint Francis Way,Norristown,PA,19403,US,AmberBMichaelis@cuvox.de,Hattertion,267-217-1624,Crop farm manager
330,Scott,Crossett,563 Roane Avenue,Rockville,MD,20852,US,ScottTCrossett@superrito.com,Mone1941,301-231-5547,Forging machine operator
331,Keith,Morgan,2306 Hurry Street,Salem,VA,24153,US,KeithVMorgan@cuvox.de,Sagint,540-375-8822,Railroad engineer
332,Cecil,Sanders,991 Central Avenue,New Brunswick,NJ,8901,US,CecilKSanders@einrot.com,Turittly,201-414-1779,Applied mathematician
333,Newton,Valdez,3503 Arron Smith Drive,Honolulu,HI,96813,US,NewtonDValdez@cuvox.de,Trund1962,808-543-6009,Computer chip processor
334,Viola,Burns,153 New Street,Portland,OR,97205,US,ViolaOBurns@teleworm.us,Suabt1985,541-304-1455,Residence leasing agent
335,Cesar,Rosado,1682 Stratford Park,Worthington,IN,47471,US,CesarSRosado@teleworm.us,Butied84,812-875-9806,Job analysis manager
336,Kenny,Montoya,3452 Maple Court,Risco,MO,63874,US,KennyAMontoya@gustr.com,Fishe1972,573-396-4606,Construction and building inspector
337,Alesia,Long,2514 Sycamore Lake Road,Green Bay,WI,54304,US,AlesiaWLong@superrito.com,Othisforince,920-405-7580,Instructional specialist
338,Leonard,Herzog,4884 Hayhurst Lane,Southfield,MI,48034,US,LeonardBHerzog@armyspy.com,Parloo,248-834-3480,Constructor
339,Erin,Solorzano,10 Huntz Lane,Beverly,MA,1915,US,ErinESolorzano@armyspy.com,Stanter1970,978-524-5616,Grocery bagger
340,Noah,Mercado,1850 Walnut Hill Drive,Dayton,OH,45402,US,NoahLMercado@dayrep.com,Dopignal1954,513-222-5780,Labor training manager
341,James,Williamson,1012 Driftwood Road,Santa Clara,CA,95054,US,JamesAWilliamson@superrito.com,Respen1959,408-396-9918,Affirmative action coordinator
342,Ruth,Picard,2546 Pinewood Avenue,Seney,MI,49883,US,RuthWPicard@teleworm.us,Hatired,906-499-2299,Power distributor
343,Blanche,Love,1539 Payne Street,Houston,TX,77062,US,BlancheLLove@dayrep.com,Frund1994,281-214-8821,Microeconomist
344,Charlotte,Cherry,1508 Highland Drive,West Allis,WI,53227,US,CharlotteJCherry@superrito.com,Camir1942,920-643-7417,Woodworking machine tender
345,Doris,Conway,4543 Ridenour Street,Miami,FL,33179,US,DorisLConway@armyspy.com,Coloyaren,786-229-3429,Geriatric nurse
346,Howard,Utz,3643 Walton Street,Salt Lake City,UT,84111,US,HowardTUtz@superrito.com,Frialking,801-438-9231,Justice of the peace
347,Jose,Kistler,2435 Selah Way,Brattleboro,VT,5301,US,JoseCKistler@armyspy.com,Theirch,802-708-1524,Public works inspector
348,Kathryn,Fowler,1575 Whaley Lane,West Allis,WI,53227,US,KathrynLFowler@armyspy.com,Theassy,262-526-5840,Social work assistant
349,Robert,Young,4775 Everette Alley,Sunrise,FL,33317,US,RobertKYoung@teleworm.us,Offorn,954-851-9241,Tumor registrar
350,Peggy,Traxler,3093 Lauren Drive,Mauston,WI,53948,US,PeggyTTraxler@gustr.com,Sellike,608-350-8107,Reservation and transportation travel clerk
351,Magda,Klein,4695 Hillcrest Avenue,Boston,MA,2110,US,MagdaLKlein@superrito.com,Ciame1980,781-872-9072,Door-to-door sales worker
352,Lela,Faison,194 Formula Lane,Dallas,TX,75207,US,LelaRFaison@einrot.com,Beet1950,469-537-6956,Self enrichment teacher
353,Deborah,Looper,2967 Lake Road,Camden,NJ,8102,US,DeborahGLooper@gustr.com,Cagoodge,609-375-7191,Pump operator
354,Lee,Feldman,4863 George Street,Dade City,FL,33525,US,LeeGFeldman@einrot.com,Bushe1979,352-524-9367,Diabetes management nurse
355,Lisandra,Tudor,1364 Oakridge Lane,Dublin,GA,31021,US,LisandraJTudor@dayrep.com,Dubtep,478-274-5865,Executive office administrator
356,Richard,Paulk,1162 Benson Park Drive,Oklahoma City,OK,73109,US,RichardGPaulk@gustr.com,Sagat1936,405-401-6949,Industrial millwright
357,John,Cooper,2015 Mutton Town Road,Burlington,WA,98233,US,JohnSCooper@gustr.com,Forearies,360-707-4162,Encoder
358,Colleen,Hooker,2757 Philadelphia Avenue,Salt Lake City,UT,84101,US,ColleenDHooker@gustr.com,Youltorbed,801-316-5242,Office administrative assistant
359,Irene,Truong,795 Conference Center Way,Falls Church,VA,22042,US,IreneRTruong@gustr.com,Sightle,571-226-2259,Stock broker
360,Gavin,Ricketts,1306 Sugarfoot Lane,Lafayette,IN,47904,US,GavinTRicketts@gustr.com,Stioser,765-449-2357,Bookkeeping clerk
361,George,Smith,4977 Adamsville Road,Laredo,TX,78040,US,GeorgeASmith@gustr.com,Whingent,956-791-9388,Neonatal nurse
362,Eric,Franklin,1055 Buck Drive,South Burlington,VT,5403,US,EricLFranklin@cuvox.de,Blide1941,802-221-2458,Demographer
363,Keith,Simmons,4323 Clair Street,Dallas,TX,75207,US,KeithCSimmons@einrot.com,Grol1981,254-731-6046,Clinical nurse specialist
364,Heather,Salvato,3493 Drummond Street,Bloomfield,NJ,7003,US,HeatherMSalvato@armyspy.com,Tioncer,973-259-5856,Forming machine operator
365,Richard,Holmes,4949 Willow Greene Drive,Daleville,AL,36322,US,RichardJHolmes@superrito.com,Henswity,334-255-1450,Aircraft cargo handling supervisor
366,Mary,Marcum,3082 Koontz Lane,Van Nuys,CA,91405,US,MaryJMarcum@armyspy.com,Oulding63,818-756-5814,Longshoremen
367,David,Hernandez,1239 Mount Street,Auburn,MI,48611,US,DavidGHernandez@teleworm.us,Delp1939,989-662-2552,Physical therapist assistant
368,Wendy,Grover,3537 Poplar Lane,Ft Lauderdale,FL,33311,US,WendyCGrover@superrito.com,Trugh1967,305-542-0037,Telecommunications equipment installer
369,Jason,Warren,275 Masonic Drive,Bozeman,MT,59715,US,JasonCWarren@dayrep.com,Maders,406-586-6704,Career counselor
370,Herman,Simoes,2719 James Avenue,Wichita,KS,67213,US,HermanPSimoes@gustr.com,Unneville1942,316-209-6865,Computer applications software engineer
371,Justin,Alverez,4417 Cedar Street,Pine Bluff,AR,71601,US,JustinLAlverez@einrot.com,Delitth,870-788-2086,Ski patrol
372,Lucille,Stone,126 Hidden Meadow Drive,Grand Forks Air Base,ND,58228,US,LucilleRStone@cuvox.de,Onest1936,701-740-7948,Compensation benefits and job analysis specialist
373,Craig,Hicks,2037 Simpson Square,Cherokee,OK,73728,US,CraigRHicks@teleworm.us,Himeaugh,580-596-9599,Secret Service agent
374,Albert,Briggs,811 Big Elm,Kansas City,MO,64106,US,AlbertMBriggs@dayrep.com,Acqualatithe,816-849-7902,Loan service clerk
375,Shirley,Lowe,4088 Layman Avenue,Rockingham,NC,28379,US,ShirleyWLowe@gustr.com,Caphy1953,910-894-2533,Aircraft electronics specialist
376,Donald,Richmond,1702 Bassel Street,Morgan City,LA,70380,US,DonaldCRichmond@cuvox.de,Marome47,985-372-7184,Sales worker driver
377,Donna,Cornett,2382 Stanley Avenue,Hempstead,NY,11550,US,DonnaJCornett@armyspy.com,Yournegand1937,516-481-4067,Pathologist
378,Tammy,Stuart,1395 Alexander Drive,Denton,TX,76201,US,TammyLStuart@einrot.com,Wilicul,940-383-2080,Information security specialist
379,Lauren,Martinez,1658 Haymond Rocks Road,Madras,OR,97741,US,LaurenDMartinez@dayrep.com,Forearephe93,541-475-4409,Health educator
380,Matthew,Moran,3620 Bluff Street,Cumberland,MD,21502,US,MatthewHMoran@superrito.com,Fourry,301-723-7486,CNC operator
381,Tina,Doherty,233 Bridge Street,Tulsa,OK,74103,US,TinaMDoherty@dayrep.com,Liame1974,918-806-3924,Line erector
382,Courtney,Woods,2397 Irish Lane,Verona,WI,53593,US,CourtneyCWoods@einrot.com,Alifeller,608-845-1745,Fire dispatcher
383,Larry,Anderson,4901 Arbor Court,Cheyenne,WY,82001,US,LarryGAnderson@armyspy.com,Hicaspor,307-288-7289,Registered dietitian
384,Donna,Burger,4426 Adams Avenue,Frederick,MD,21701,US,DonnaEBurger@superrito.com,Sagem1929,301-712-9702,Boilermaker
385,Lee,Rock,3113 Layman Court,Norcross,GA,30071,US,LeeORock@gustr.com,Abothe,678-317-7425,Baggage porter
386,Vicki,McGinnis,1257 Marion Drive,Tampa,FL,33607,US,VickiDMcGinnis@dayrep.com,Appeang67,813-358-0893,Construction manager
387,Laura,Turner,4450 Buena Vista Avenue,Eugene,OR,97408,US,LauraETurner@teleworm.us,Offerel,541-731-1411,Publicity writer
388,Nick,Albertson,3849 Stonecoal Road,Wauseon,OH,43567,US,NickLAlbertson@cuvox.de,Daris1977,419-590-3315,Tank car truck and ship loader
389,Dana,Gower,556 Oakdale Avenue,Tampa,FL,33614,US,DanaPGower@armyspy.com,Thintich,863-585-0416,Tax examiner
390,Kevin,Shetler,612 Stanton Hollow Road,Worcester,MA,1610,US,KevinCShetler@superrito.com,Witiou64,781-535-3976,Packager
391,Monique,Thompson,1713 Ford Street,San Jose,CA,95131,US,MoniqueSThompson@teleworm.us,Diand1978,408-526-1983,Structural metal fabricator
392,Eric,Seaman,4069 Pine Garden Lane,Atlanta,GA,30305,US,EricCSeaman@dayrep.com,Crouniontim,770-741-2255,Cable line installer
393,Brenda,Talbert,1630 Drummond Street,Rochelle Park,NJ,7662,US,BrendaJTalbert@teleworm.us,Molet1984,973-204-3910,Landscaping worker
394,Robert,Smith,3832 Meadow View Drive,Manchester,CT,6040,US,RobertRSmith@armyspy.com,Herectioul,860-533-2083,Substance abuse social worker
395,Esther,Denney,1606 Ryder Avenue,Everett,WA,98205,US,EstherEDenney@gustr.com,Offorifuld88,425-334-8551,Labor relations director
396,Carey,Obrien,1574 Romano Street,Foxboro,MA,2035,US,CareyDObrien@einrot.com,Randuce,781-369-3318,Broadcast captioner
397,Donald,Horton,4924 Woodbridge Lane,Livonia,MI,48150,US,DonaldPHorton@cuvox.de,Arely1977,313-478-4966,Anthropologist
398,Jennie,Clay,1764 Euclid Avenue,Goleta,CA,93117,US,JennieLClay@armyspy.com,Movered,805-305-3924,Airport tower controller
399,Daniel,Harris,1812 Washington Avenue,Phoenix,AZ,85021,US,DanielSHarris@teleworm.us,Lefully,602-216-0508,Construction engineer
400,Robert,Chavez,661 Ella Street,San Mateo,CA,94403,US,RobertAChavez@einrot.com,Olown1952,650-312-4243,Agricultural laborer